{"cameraMode":{"drawMode":0,"name":"Shaded","section":"Shading Mode"},"sceneLighting":false,"audioPlay":false,"sceneViewState":{"m_AlwaysRefresh":false,"showFog":false,"showSkybox":false,"showFlares":false,"showImageEffects":false,"showParticleSystems":false,"showVisualEffectGraphs":true,"m_FxEnabled":true},"in2DMode":false,"pivot":{"x":0.00036598960286937654,"y":-0.01687478832900524,"z":-0.033458542078733447},"rotation":{"x":0.4322665333747864,"y":-0.032448843121528628,"z":0.015585409477353096,"w":0.9010413885116577},"size":0.8660253882408142,"orthographic":false}