{"cameraMode":{"drawMode":0,"name":"Shaded","section":"Shading Mode"},"sceneLighting":false,"audioPlay":false,"sceneViewState":{"m_AlwaysRefresh":false,"showFog":false,"showSkybox":false,"showFlares":false,"showImageEffects":false,"showParticleSystems":false,"showVisualEffectGraphs":true,"m_FxEnabled":true},"in2DMode":false,"pivot":{"x":-0.17168766260147096,"y":0.7062020897865295,"z":1.8515499830245972},"rotation":{"x":0.0007010165718384087,"y":0.9992927312850952,"z":-0.02579575590789318,"w":0.027289703488349916},"size":0.6073950529098511,"orthographic":false}